{"PrecoFipe":{"Diesel":170733.3489932886,"El\u00e9trico":286533.0,"Flex":69134.6139208813,"Gasolina":101096.0040816327,"G\u00e1s Natural":56347.4615384615,"H\u00edbrido":186013.75,"\u00c1lcool":45857.6666666667},"DifFipe":{"Diesel":3379.6946308725,"El\u00e9trico":8467.0,"Flex":1158.9118678017,"Gasolina":2006.7591836735,"G\u00e1s Natural":-1399.4615384615,"H\u00edbrido":4171.5,"\u00c1lcool":-1201.0},"DifPercentual":{"Diesel":0.0197951639,"El\u00e9trico":0.029549825,"Flex":0.0167631206,"Gasolina":0.0198500346,"G\u00e1s Natural":-0.0248362837,"H\u00edbrido":0.0224257615,"\u00c1lcool":-0.026189732}}