{"PrecoFipe":{"Assistida":129383.1818181818,"El\u00e9trica":100438.7248618785,"Hidr\u00e1ulica":76023.1945701357,"Mec\u00e2nica":57973.6530612245},"DifFipe":{"Assistida":2506.5454545455,"El\u00e9trica":1339.3524861878,"Hidr\u00e1ulica":1621.5714285714,"Mec\u00e2nica":696.4489795918},"DifPercentual":{"Assistida":0.0193730392,"El\u00e9trica":0.0133350208,"Hidr\u00e1ulica":0.0213299564,"Mec\u00e2nica":0.0120131981}}