{"PrecoFipe":{"AUDI":137049.0869565217,"BMW":174045.2413793103,"CHERY":108841.1538461538,"CHRYSLER":47937.6666666667,"CITROEN":44259.3,"DODGE":112052.2,"EFFA":76687.0,"FIAT":67801.5121212121,"FORD":71629.0348258707,"GM - CHEVROLET":73080.8357843137,"HONDA":83807.3801169591,"HYUNDAI":69515.4155251141,"IVECO":162221.0,"JAC":34402.3333333333,"JAGUAR":440991.0,"JEEP":126988.3278688525,"KIA MOTORS":78538.6666666667,"LAND ROVER":122274.4285714286,"LEXUS":165948.0,"LIFAN":33130.0,"MERCEDES-BENZ":171367.3125,"MINI":124719.5,"MITSUBISHI":122425.9454545455,"NISSAN":98856.2467532468,"PEUGEOT":66185.6666666667,"PORSCHE":306716.0,"RENAULT":58786.9136690648,"SUBARU":89820.0,"SUZUKI":78675.4545454545,"TOYOTA":142003.0072992701,"TROLLER":176387.6,"VOLVO":196917.2857142857,"VW - VOLKSWAGEN":78407.514739229},"DifFipe":{"AUDI":2967.3043478261,"BMW":432.6551724138,"CHERY":-148.0769230769,"CHRYSLER":-6374.3333333333,"CITROEN":-352.3,"DODGE":5507.8,"EFFA":3283.0,"FIAT":2305.9484848485,"FORD":1644.1791044776,"GM - CHEVROLET":1073.7867647059,"HONDA":1616.9532163743,"HYUNDAI":1250.5114155251,"IVECO":-160473.0,"JAC":4131.0,"JAGUAR":26584.0,"JEEP":1214.3852459016,"KIA MOTORS":712.1388888889,"LAND ROVER":6239.8571428571,"LEXUS":3042.0,"LIFAN":3770.0,"MERCEDES-BENZ":2140.8125,"MINI":1680.5,"MITSUBISHI":3077.7454545455,"NISSAN":1554.6753246753,"PEUGEOT":475.7058823529,"PORSCHE":33234.0,"RENAULT":1003.7482014388,"SUBARU":-15820.0,"SUZUKI":4385.4545454545,"TOYOTA":2022.299270073,"TROLLER":9190.4,"VOLVO":495.5714285714,"VW - VOLKSWAGEN":1386.022675737},"DifPercentual":{"AUDI":0.0216513982,"BMW":0.0024858776,"CHERY":-0.0013604865,"CHRYSLER":-0.1329712891,"CITROEN":-0.007959909,"DODGE":0.0491538765,"EFFA":0.0428103851,"FIAT":0.0340102811,"FORD":0.0229540871,"GM - CHEVROLET":0.0146931374,"HONDA":0.0192936853,"HYUNDAI":0.0179889799,"IVECO":-0.9892245763,"JAC":0.1200790644,"JAGUAR":0.0602824094,"JEEP":0.0095629674,"KIA MOTORS":0.0090673667,"LAND ROVER":0.0510315788,"LEXUS":0.0183310435,"LIFAN":0.1137941443,"MERCEDES-BENZ":0.012492537,"MINI":0.0134742362,"MITSUBISHI":0.0251396503,"NISSAN":0.0157266271,"PEUGEOT":0.0071874457,"PORSCHE":0.1083543082,"RENAULT":0.0170743477,"SUBARU":-0.1761300379,"SUZUKI":0.0557410767,"TOYOTA":0.0142412426,"TROLLER":0.0521034358,"VOLVO":0.0025166477,"VW - VOLKSWAGEN":0.0176771663}}