{"PrecoFipe":{"0":82733.1170731707,"1":66275.4210526316,"2":80792.6,"3":73201.4671532847,"4":71485.2742474916,"5":76572.7900677201,"6":68483.1425531915,"7":78654.2110817942,"8":120373.8503937008,"9":166995.0833333333},"DifFipe":{"0":3122.0097560976,"1":1351.2631578947,"2":3511.3142857143,"3":1035.6277372263,"4":1773.9230769231,"5":1950.8465011287,"6":1124.4638297872,"7":695.7387862797,"8":815.2086614173,"9":11378.25},"DifPercentual":{"0":0.0377359136,"1":0.0203886016,"2":0.0434608403,"3":0.0141476363,"4":0.0248152238,"5":0.02547702,"6":0.0164195711,"7":0.0088455377,"8":0.0067723069,"9":0.0681352395}}