{"PrecoFipe":{"1.0":60075.7183098592,"1.2":112094.2916666667,"1.3":82962.9411764706,"1.4":66116.3797468354,"1.5":80780.8939393939,"1.6":62890.032586558,"1.7":23582.6666666667,"1.8":75156.4457364341,"1.9":114096.0,"2.0 - 2.9":125384.3725806452,"3.0 - 3.9":145920.0824742268,"4.0 ou mais":232030.0},"DifFipe":{"1.0":1248.7511737089,"1.2":535.8333333333,"1.3":4904.3725490196,"1.4":815.0253164557,"1.5":1076.8560606061,"1.6":987.1710794297,"1.7":2184.0,"1.8":942.3100775194,"1.9":-166.0,"2.0 - 2.9":2343.2822580645,"3.0 - 3.9":3567.4432989691,"4.0 ou mais":-18746.6666666667},"DifPercentual":{"1.0":0.0207862879,"1.2":0.0047802018,"1.3":0.0591152204,"1.4":0.0123271316,"1.5":0.0133305787,"1.6":0.0156967812,"1.7":0.0926103918,"1.8":0.0125379809,"1.9":-0.0014549152,"2.0 - 2.9":0.0186887904,"3.0 - 3.9":0.0244479255,"4.0 ou mais":-0.0807941502}}