{"PrecoFipe":{"Buggy":45910.0,"Caminh\u00e3o Leve":111220.5,"Convers\u00edvel":279059.5,"Hatch":52181.1193353474,"Passeio":94536.7346938775,"Pick-up":128951.2340425532,"SUV":107028.5922746781,"Sed\u00e3":67720.2337398374,"Van\/Utilit\u00e1rio":77176.7121212121},"DifFipe":{"Buggy":-2910.0,"Caminh\u00e3o Leve":-79396.5,"Convers\u00edvel":-16564.5,"Hatch":987.3096676737,"Passeio":2129.962585034,"Pick-up":3330.9290780142,"SUV":1156.4098712446,"Sed\u00e3":982.1483739837,"Van\/Utilit\u00e1rio":2180.2727272727},"DifPercentual":{"Buggy":-0.0633848835,"Caminh\u00e3o Leve":-0.7138656992,"Convers\u00edvel":-0.0593583089,"Hatch":0.0189208219,"Passeio":0.0225305284,"Pick-up":0.0258309205,"SUV":0.0108046817,"Sed\u00e3":0.0145030269,"Van\/Utilit\u00e1rio":0.0282503966}}