{"PrecoFipe":{"AC":56692.0,"AL":91532.8888888889,"AM":68912.2941176471,"AP":47454.0,"BA":90582.5,"CE":100293.4468085106,"DF":79120.0229007634,"ES":82377.8921568627,"GO":111044.1363636364,"MA":90220.4444444444,"MG":84608.5228215768,"MS":100092.6363636364,"MT":84334.5,"PA":69163.3611111111,"PB":77832.7428571429,"PE":95215.0575539568,"PI":52202.5,"PR":81159.8758865248,"RJ":76291.0857142857,"RN":97051.3409090909,"RO":89861.1666666667,"RR":93632.0,"RS":81257.0330578512,"SC":76362.76,"SE":120009.6923076923,"SP":81425.1462264151,"TO":88185.5},"DifFipe":{"AC":3208.0,"AL":-2861.7777777778,"AM":-2742.9411764706,"AP":446.0,"BA":-2094.3035714286,"CE":828.7340425532,"DF":1417.6106870229,"ES":2524.5392156863,"GO":1834.7196969697,"MA":1455.1111111111,"MG":1487.4813278008,"MS":-3306.2727272727,"MT":-1135.75,"PA":2014.9722222222,"PB":74.6285714286,"PE":427.5899280576,"PI":1122.5,"PR":3202.9645390071,"RJ":-1556.1387755102,"RN":-76.6363636364,"RO":7595.5,"RR":-10187.0,"RS":3998.826446281,"SC":2227.4857142857,"SE":-297.3846153846,"SP":2147.715408805,"TO":27.8333333333},"DifPercentual":{"AC":0.0565864672,"AL":-0.0312650219,"AM":-0.0398033647,"AP":0.0093985755,"BA":-0.0231203993,"CE":0.0082630926,"DF":0.0179172179,"ES":0.0306458341,"GO":0.0165224365,"MA":0.0161283966,"MG":0.0175807505,"MS":-0.0330321275,"MT":-0.013467205,"PA":0.0291335208,"PB":0.0009588326,"PE":0.0044907805,"PI":0.0215028016,"PR":0.0394648772,"RJ":-0.0203973867,"RN":-0.0007896477,"RO":0.0845248318,"RR":-0.1087982741,"RS":0.0492120657,"SC":0.0291697905,"SE":-0.002478005,"SP":0.0263765619,"TO":0.0003156226}}